rebalance,end,n_per_leg,turnover,longs,shorts,period_net
2023-09-01,2023-12-01,9,2.0,LIN KO HON AMT MRK LLY PEP SHW DE,UPS UNP FCX PFE META GS HD MS DUK,0.02582571361394681
2023-12-01,2024-03-01,10,1.9999999999999996,UNH ABBV SHW WMT PEP KO AMT JNJ LIN NFLX,LLY UPS UNP DUK DE JPM FCX MRK HON HD,-0.015944688847847055
2024-03-01,2024-06-03,10,2.6000000000000005,NEE KO DUK HON AXP LLY SLB NVDA AMZN NFLX,UPS HD DE UNP JPM VZ NKE META MS GS,0.09672257183429367
2024-06-03,2024-09-03,10,2.2000000000000006,NEE SLB ORCL NVDA ABBV PFE AMT NFLX LLY MRK,DE UNH JPM SBUX UPS HD BAC CVX WFC LMT,-0.010815727877946157
2024-09-03,2024-12-02,10,2.4000000000000004,LMT SHW KO AMT PFE WMT AXP ADBE NFLX LLY,INTC NKE DE HD FCX JNJ UNH HON PEP SBUX,-0.06123541704324209
2024-12-02,2025-03-03,10,1.8000000000000003,UNP NEE ORCL AMZN LMT NFLX AXP ABBV PFE WMT,DE SBUX LLY NKE HD PEP SHW UNH PG DUK,0.014960609627348687
2025-03-03,2025-06-02,10,2.0000000000000004,JNJ NVDA VZ LLY BAC NEE ORCL AXP ABBV NFLX,INTC FCX HD PG AMT KO AMZN SBUX DE NKE,0.046863241763744234
2025-06-02,2025-09-02,10,2.4000000000000004,CVX JNJ HON NEE COP PFE AMT ORCL NFLX ABBV,PEP UNH DE INTC PG UPS MRK WFC JPM WMT,0.036030566436451084
2025-09-02,2025-12-01,10,2.2000000000000006,NVDA VZ WMT ABBV ORCL JNJ PFE ADBE NFLX LLY,NKE SHW LMT DE UNH UPS LIN KO PG FCX,0.07257037374927289
2025-12-01,2026-03-02,10,1.6000000000000003,ORCL ABBV PFE WMT LMT COP AMT ADBE AXP LLY,HD DE FCX CAT NKE SBUX UPS LIN PG PLD,-0.13677266922363163
2026-03-02,2026-06-01,10,2.0000000000000004,AXP JNJ WFC WMT BAC NFLX LLY NVDA DE LMT,PG INTC AMT NKE HD PLD UPS FCX SHW UNP,-0.0663709253538437
2026-06-01,2026-09-01,10,2.4000000000000004,NVDA AMT UNH MRK ORCL JNJ ABBV LLY VZ SBUX,FCX NKE COP PG HON UPS SLB HD LMT DE,-0.003916528522176388
2026-09-01,2026-10-09,10,2.4000000000000004,UPS JNJ AXP VZ KO ADBE ORCL WMT LMT SBUX,PG MRK META ABBV NKE MCD LIN HD PEP COP,-0.05898401675593368
